,DateTime,Station,Latitude,Longitude,PM2.5,PM10,NO,NO2,NOX,CO,OZONE,PM2.5_imputed_flag,PM10_imputed_flag,NO_imputed_flag,NO2_imputed_flag,NOX_imputed_flag,CO_imputed_flag,OZONE_imputed_flag
0,2021-01-01 00:00:00,USM,4.532055555555555,-74.11713888888889,32.7,56.6,7504,15962,23493,0.44924,2431,,,,,,,
1,2021-01-01 01:00:00,USM,4.532055555555555,-74.11713888888889,39.3,59.3,16.56,17866,34426,0.69832,1121,,,,,,,
2,2021-01-01 02:00:00,USM,4.532055555555555,-74.11713888888889,70.8,96.4,22989,17802,40791,0.88243,1172,,,,,,,
3,2021-01-01 03:00:00,USM,4.532055555555555,-74.11713888888889,81.0,108.3,3704,9886,13591,0.29549,6565,,,,,,,
4,2021-01-01 04:00:00,USM,4.532055555555555,-74.11713888888889,56.1,87.7,2098,9272,11371,0.16621,9513,,,,,,,
5,2021-01-01 05:00:00,USM,4.532055555555555,-74.11713888888889,38.6,74.4,2249,11064,13313,0.22534,5466,,,,,,,
6,2021-01-01 06:00:00,USM,4.532055555555555,-74.11713888888889,27.2,60.4,11.49,14675,26165,0.41357,2467,,,,,,,
7,2021-01-01 07:00:00,USM,4.532055555555555,-74.11713888888889,29.5,51.9,5864,7348,13212,0.20784,10.8,,,,,,,
8,2021-01-01 08:00:00,USM,4.532055555555555,-74.11713888888889,21.6,38.1,3506,4266,7773,0.21187761904761904,17161,,,,,,interpolated,
9,2021-01-01 09:00:00,USM,4.532055555555555,-74.11713888888889,23.1,28.9,4343,3866,8209,0.2159152380952381,19674,,,,,,interpolated,
10,2021-01-01 10:00:00,USM,4.532055555555555,-74.11713888888889,17.5,22.0,5878,4.03,9907,0.21995285714285714,19842,,,,,,interpolated,
11,2021-01-01 11:00:00,USM,4.532055555555555,-74.11713888888889,12.3,20.9,1.98,2529,4509,0.22399047619047618,20958,,,,,,interpolated,
12,2021-01-01 12:00:00,USM,4.532055555555555,-74.11713888888889,9.8,18.9,1095,1979,3075,0.22802809523809522,21.33,,,,,,interpolated,
13,2021-01-01 13:00:00,USM,4.532055555555555,-74.11713888888889,7.7,17.0,3625,3536,7161,0.2320657142857143,19957,,,,,,interpolated,
14,2021-01-01 14:00:00,USM,4.532055555555555,-74.11713888888889,6.3,14.1,6586,6544,13131,0.23610333333333333,18004,,,,,,interpolated,
15,2021-01-01 15:00:00,USM,4.532055555555555,-74.11713888888889,5.1,10.6,9439,8191,17.63,0.24014095238095237,16753,,,,,,interpolated,
16,2021-01-01 16:00:00,USM,4.532055555555555,-74.11713888888889,4.0,20.2,6055,5.69,11745,0.2441785714285714,16814,,,,,,interpolated,
17,2021-01-01 17:00:00,USM,4.532055555555555,-74.11713888888889,7.2,24.2,10031,9301,19332,0.24821619047619048,13337,,,,,,interpolated,
18,2021-01-01 18:00:00,USM,4.532055555555555,-74.11713888888889,5.6,29.3,7416,11372,18788,0.2522538095238095,10822,,,,,,interpolated,
19,2021-01-01 19:00:00,USM,4.532055555555555,-74.11713888888889,4.5,22.5,9149,12118,21267,0.25629142857142856,10343,,,,,,interpolated,
20,2021-01-01 20:00:00,USM,4.532055555555555,-74.11713888888889,3.7,20.0,6701,10722,17423,0.2603290476190476,9854,,,,,,interpolated,
21,2021-01-01 21:00:00,USM,4.532055555555555,-74.11713888888889,3.2,14.2,9616,13.13,22746,0.26436666666666664,6924,,,,,,interpolated,
22,2021-01-01 22:00:00,USM,4.532055555555555,-74.11713888888889,3.1,10.9,6012,11752,17764,0.2684042857142857,7112,,,,,,interpolated,
23,2021-01-01 23:00:00,USM,4.532055555555555,-74.11713888888889,3.1,16.8,1.76,6546,8305,0.2724419047619048,10098,,,,,,interpolated,
24,2021-01-02 00:00:00,USM,4.532055555555555,-74.11713888888889,3.4,12.3,796,5439,6242,0.2764795238095238,11412,,,,,,interpolated,
25,2021-01-02 01:00:00,USM,4.532055555555555,-74.11713888888889,3.2,14.6,735,3306,4042,0.28051714285714285,12281,,,,,,interpolated,
26,2021-01-02 02:00:00,USM,4.532055555555555,-74.11713888888889,3.2,14.5,793,6056,6849,0.2845547619047619,9843,,,,,,interpolated,
27,2021-01-02 03:00:00,USM,4.532055555555555,-74.11713888888889,3.1,13.6,934,6726,7.66,0.28859238095238093,8.53,,,,,,interpolated,
28,2021-01-02 04:00:00,USM,4.532055555555555,-74.11713888888889,3.1,9.7,3894,11783,15676,0.29263,4.31,,,,,,interpolated,
29,2021-01-02 05:00:00,USM,4.532055555555555,-74.11713888888889,3.2,7.2,12341,13818,26159,0.29666761904761907,358,,,,,,interpolated,
30,2021-01-02 06:00:00,USM,4.532055555555555,-74.11713888888889,3.2,12.4,45.44,20.89,66329,0.3007052380952381,682,,,,,,interpolated,
31,2021-01-02 07:00:00,USM,4.532055555555555,-74.11713888888889,3.3,17.1,59824,23.85,83673,0.30474285714285715,1662,,,,,,interpolated,
32,2021-01-02 08:00:00,USM,4.532055555555555,-74.11713888888889,3.9,27.5,15242,10286,25528,0.3087804761904762,8.38,,,,,,interpolated,
33,2021-01-02 09:00:00,USM,4.532055555555555,-74.11713888888889,5.4,32.8,5797,4971,10767,0.31281809523809523,12786,,,,,,interpolated,
34,2021-01-02 10:00:00,USM,4.532055555555555,-74.11713888888889,5.1,24.1,3491,4.37,7861,0.3168557142857143,13222,,,,,,interpolated,
35,2021-01-02 11:00:00,USM,4.532055555555555,-74.11713888888889,4.6,22.5,3449,3606,7055,0.32089333333333336,12818,,,,,,interpolated,
36,2021-01-02 12:00:00,USM,4.532055555555555,-74.11713888888889,4.1,16.1,5956,3662,9619,0.3249309523809524,13.15,,,,,,interpolated,
37,2021-01-02 13:00:00,USM,4.532055555555555,-74.11713888888889,3.7,15.1,5324,4651,9975,0.32896857142857144,12704,,,,,,interpolated,
38,2021-01-02 14:00:00,USM,4.532055555555555,-74.11713888888889,3.6,13.6,8743,5.56,14302,0.3330061904761905,12016,,,,,,interpolated,
39,2021-01-02 15:00:00,USM,4.532055555555555,-74.11713888888889,3.5,10.6,6.79,4892,11681,0.3370438095238095,12613,,,,,,interpolated,
40,2021-01-02 16:00:00,USM,4.532055555555555,-74.11713888888889,3.5,10.1,15383,9098,24.48,0.34108142857142854,9.39,,,,,,interpolated,
41,2021-01-02 17:00:00,USM,4.532055555555555,-74.11713888888889,3.4,17.7,18779,11388,30167,0.34511904761904766,5972,,,,,,interpolated,
42,2021-01-02 18:00:00,USM,4.532055555555555,-74.11713888888889,3.4,13.2,15369,11958,27327,0.34915666666666667,4318,,,,,,interpolated,
43,2021-01-02 19:00:00,USM,4.532055555555555,-74.11713888888889,3.2,11.3,10767,12717,23484,0.3531942857142857,3366,,,,,,interpolated,
44,2021-01-02 20:00:00,USM,4.532055555555555,-74.11713888888889,3.2,17.8,12686,12659,25345,0.35723190476190475,3508,,,,,,interpolated,
45,2021-01-02 21:00:00,USM,4.532055555555555,-74.11713888888889,3.2,12.6,12563,12047,24.61,0.3612695238095238,2561,,,,,,interpolated,
46,2021-01-02 22:00:00,USM,4.532055555555555,-74.11713888888889,3.2,10.1,4564,8813,13376,0.36530714285714283,4.52,,,,,,interpolated,
47,2021-01-02 23:00:00,USM,4.532055555555555,-74.11713888888889,3.1,13.8,4665,8997,13662,0.3693447619047619,3471,,,,,,interpolated,
48,2021-01-03 00:00:00,USM,4.532055555555555,-74.11713888888889,3.1,9.9,4.39,7419,11817,0.37338238095238097,5625,,,,,,interpolated,
49,2021-01-03 01:00:00,USM,4.532055555555555,-74.11713888888889,3.1,8.8,1268,4913,6.18,0.37742,8042,,,,,,interpolated,
50,2021-01-03 02:00:00,USM,4.532055555555555,-74.11713888888889,3.1,7.6,2728,4589,7317,0.38145761904761905,8647,,,,,,interpolated,
51,2021-01-03 03:00:00,USM,4.532055555555555,-74.11713888888889,3.1,12.2,807,3075,3882,0.3854952380952381,9735,,,,,,interpolated,
52,2021-01-03 04:00:00,USM,4.532055555555555,-74.11713888888889,3.1,9.7,5354,8046,13.4,0.3895328571428571,5523,,,,,,interpolated,
53,2021-01-03 05:00:00,USM,4.532055555555555,-74.11713888888889,3.0,20.1,3.36,7203,10564,0.3935704761904762,5.71,,,,,,interpolated,
54,2021-01-03 06:00:00,USM,4.532055555555555,-74.11713888888889,3.0,16.5,4403,7586,11989,0.39760809523809526,6196,,,,,,interpolated,
55,2021-01-03 07:00:00,USM,4.532055555555555,-74.11713888888889,3.0,12.6,5916,6697,12612,0.4016457142857143,6696,,,,,,interpolated,
56,2021-01-03 08:00:00,USM,4.532055555555555,-74.11713888888889,3.0,19.1,6891,5285,12175,0.40568333333333334,10166,,,,,,interpolated,
57,2021-01-03 09:00:00,USM,4.532055555555555,-74.11713888888889,3.0,14.1,9104,6143,15247,0.4097209523809524,11253,,,,,,interpolated,
58,2021-01-03 10:00:00,USM,4.532055555555555,-74.11713888888889,3.0,10.7,5.3,7083,12383,0.4137585714285714,18642,,,,,,interpolated,
59,2021-01-03 11:00:00,USM,4.532055555555555,-74.11713888888889,2.9,10.3,5702,10753,16455,0.4177961904761905,26251,,,,,,interpolated,
60,2021-01-03 12:00:00,USM,4.532055555555555,-74.11713888888889,3.1,9.5,4737,10782,15518,0.42183380952380956,32692,,,,,,interpolated,
61,2021-01-03 13:00:00,USM,4.532055555555555,-74.11713888888889,3.0,23.5,4215,9116,13331,0.42587142857142857,31454,,,,,,interpolated,
62,2021-01-03 14:00:00,USM,4.532055555555555,-74.11713888888889,3.0,20.9,3467,6938,10406,0.4299090476190476,27887,,,,,,interpolated,
63,2021-01-03 15:00:00,USM,4.532055555555555,-74.11713888888889,3.2,22.8,7064,9163,16227,0.4339466666666667,25.08,,,,,,interpolated,
64,2021-01-03 16:00:00,USM,4.532055555555555,-74.11713888888889,3.2,16.9,5828,7049,12877,0.4379842857142857,23378,,,,,,interpolated,
65,2021-01-03 17:00:00,USM,4.532055555555555,-74.11713888888889,3.1,13.0,6823,10465,17288,0.4420219047619047,17543,,,,,,interpolated,
66,2021-01-03 18:00:00,USM,4.532055555555555,-74.11713888888889,3.0,20.1,5.61,14692,20301,0.44605952380952385,12261,,,,,,interpolated,
67,2021-01-03 19:00:00,USM,4.532055555555555,-74.11713888888889,3.1,14.3,8528,14699,23227,0.45009714285714286,11232,,,,,,interpolated,
68,2021-01-03 20:00:00,USM,4.532055555555555,-74.11713888888889,3.1,10.6,3879,10.67,14549,0.4541347619047619,13961,,,,,,interpolated,
69,2021-01-03 21:00:00,USM,4.532055555555555,-74.11713888888889,3.4,15.4,2085,9.06,11145,0.458172380952381,15.23,,,,,,interpolated,
70,2021-01-03 22:00:00,USM,4.532055555555555,-74.11713888888889,3.5,16.6,2324,12324,14649,0.46221,12.0,,,,,,interpolated,
71,2021-01-03 23:00:00,USM,4.532055555555555,-74.11713888888889,3.6,12.6,10039,21972,32012,0.466247619047619,5.49,,,,,,interpolated,
72,2021-01-04 00:00:00,USM,4.532055555555555,-74.11713888888889,3.5,15.5,5385,13886,19.3,0.47028523809523815,3855,,,,,,interpolated,
73,2021-01-04 01:00:00,USM,4.532055555555555,-74.11713888888889,3.6,15.0,3336,9795,13132,0.47432285714285716,7817,,,,,,interpolated,
74,2021-01-04 02:00:00,USM,4.532055555555555,-74.11713888888889,3.6,15.3,10624,12663,23287,0.47836047619047617,3.9,,,,,,interpolated,
75,2021-01-04 03:00:00,USM,4.532055555555555,-74.11713888888889,3.5,13.7,23401,16488,39.89,0.4823980952380953,1129,,,,,,interpolated,
76,2021-01-04 04:00:00,USM,4.532055555555555,-74.11713888888889,3.5,12.6,43061,18446,61506,0.4864357142857143,643,,,,,,interpolated,
77,2021-01-04 05:00:00,USM,4.532055555555555,-74.11713888888889,3.4,29.0,64906,27789,92695,0.4904733333333333,571,,,,,,interpolated,
78,2021-01-04 06:00:00,USM,4.532055555555555,-74.11713888888889,4.3,30.9,59399,25035,84434,0.49451095238095233,507,,,,,,interpolated,
79,2021-01-04 07:00:00,USM,4.532055555555555,-74.11713888888889,4.5,39.4,66055,24367,90422,0.49854857142857145,1481,,,,,,interpolated,
80,2021-01-04 08:00:00,USM,4.532055555555555,-74.11713888888889,8.6,52.5,70102,33567,103669,0.5025861904761905,4.35,,,,,,interpolated,
81,2021-01-04 09:00:00,USM,4.532055555555555,-74.11713888888889,8.8,57.2,16475,20215,36.69,0.5066238095238095,20334,,,,,,interpolated,
82,2021-01-04 10:00:00,USM,4.532055555555555,-74.11713888888889,8.7,44.2,13931,24833,38763,0.5106614285714286,26909,,,,,,interpolated,
83,2021-01-04 11:00:00,USM,4.532055555555555,-74.11713888888889,10.4,40.4,7258,14148,21406,0.5146990476190476,33877,,,,,,interpolated,
84,2021-01-04 12:00:00,USM,4.532055555555555,-74.11713888888889,10.5,40.2,4098,10695,14793,0.5187366666666666,38334,,,,,,interpolated,
85,2021-01-04 13:00:00,USM,4.532055555555555,-74.11713888888889,8.2,35.3,5805,10092,15897,0.5227742857142857,36369,,,,,,interpolated,
86,2021-01-04 14:00:00,USM,4.532055555555555,-74.11713888888889,6.7,36.9,8474,12625,21099,0.5268119047619048,31995,,,,,,interpolated,
87,2021-01-04 15:00:00,USM,4.532055555555555,-74.11713888888889,6.0,36.8,9894,13352,23246,0.5308495238095238,27.1,,,,,,interpolated,
88,2021-01-04 16:00:00,USM,4.532055555555555,-74.11713888888889,4.7,40.6,10.37,18078,28448,0.5348871428571429,19998,,,,,,interpolated,
89,2021-01-04 17:00:00,USM,4.532055555555555,-74.11713888888889,3.3,47.6,6043,15964,22008,0.5389247619047619,17.07,,,,,,interpolated,
90,2021-01-04 18:00:00,USM,4.532055555555555,-74.11713888888889,3.1,41.4,5104,18072,23177,0.5429623809523809,12711,,,,,,interpolated,
91,2021-01-04 19:00:00,USM,4.532055555555555,-74.11713888888889,8.7,42.7,10471,20886,31358,547,9168,,,,,,,
92,2021-01-04 20:00:00,USM,4.532055555555555,-74.11713888888889,8.6,38.5,7754,18785,26539,0.47033,10146,,,,,,,
93,2021-01-04 21:00:00,USM,4.532055555555555,-74.11713888888889,7.5,30.7,3851,18491,22342,0.44421,9.35,,,,,,,
94,2021-01-04 22:00:00,USM,4.532055555555555,-74.11713888888889,9.3,28.3,3066,18202,21268,0.38217,9472,,,,,,,
95,2021-01-04 23:00:00,USM,4.532055555555555,-74.11713888888889,13.2,20.8,24381,26555,50936,0.43938,2468,,,,,,,
96,2021-01-05 00:00:00,USM,4.532055555555555,-74.11713888888889,15.1,23.7,35784,22855,58674,0.3817,909,,,,,,,
97,2021-01-05 01:00:00,USM,4.532055555555555,-74.11713888888889,11.7,32.8,6853,14263,21116,0.20995,3.49,,,,,,,
98,2021-01-05 02:00:00,USM,4.532055555555555,-74.11713888888889,8.4,24.0,5502,13487,18989,0.17175,6097,,,,,,,
99,2021-01-05 03:00:00,USM,4.532055555555555,-74.11713888888889,6.8,28.4,27235,20417,47652,0.26694,1774,,,,,,,
100,2021-01-05 04:00:00,USM,4.532055555555555,-74.11713888888889,9.2,21.2,63778,23834,87612,0.40385,335,,,,,,,
101,2021-01-05 05:00:00,USM,4.532055555555555,-74.11713888888889,8.2,34.3,78618,25199,103818,0.64541,82,,,,,,,
102,2021-01-05 06:00:00,USM,4.532055555555555,-74.11713888888889,11.6,33.4,60196,25059,85255,0.77452,1009,,,,,,,
103,2021-01-05 07:00:00,USM,4.532055555555555,-74.11713888888889,11.0,35.7,39008,22253,61261,0.76901,3878,,,,,,,
104,2021-01-05 08:00:00,USM,4.532055555555555,-74.11713888888889,21.2,49.0,46504,32.83,79333,1.15502,9108,,,,,,,
105,2021-01-05 09:00:00,USM,4.532055555555555,-74.11713888888889,20.3,41.4,35916,45407,81323,1.14377,18.23,,,,,,,
106,2021-01-05 10:00:00,USM,4.532055555555555,-74.11713888888889,22.1,49.2,15.82,32.53,48.35,0.78167,34164,,,,,,,
107,2021-01-05 11:00:00,USM,4.532055555555555,-74.11713888888889,22.1,54.7,9279,26121,35.4,0.58743,45265,,,,,,,
108,2021-01-05 12:00:00,USM,4.532055555555555,-74.11713888888889,16.5,48.7,6539,23655,30194,0.52684,56331,,,,,,,
109,2021-01-05 13:00:00,USM,4.532055555555555,-74.11713888888889,12.6,44.4,4227,20221,24449,0.46171,60431,,,,,,,
110,2021-01-05 14:00:00,USM,4.532055555555555,-74.11713888888889,13.1,48.6,6442,22812,29254,0.48009,46255,,,,,,,
111,2021-01-05 15:00:00,USM,4.532055555555555,-74.11713888888889,16.0,48.4,16487,25.55,42037,0.52342,23823,,,,,,,
112,2021-01-05 16:00:00,USM,4.532055555555555,-74.11713888888889,16.1,56.1,3.67,13808,17479,0.3456,30.87,,,,,,,
113,2021-01-05 17:00:00,USM,4.532055555555555,-74.11713888888889,11.4,57.5,4706,14341,19046,0.41406,25405,,,,,,,
114,2021-01-05 18:00:00,USM,4.532055555555555,-74.11713888888889,13.5,45.4,17373,34109,51482,0.7377,7357,,,,,,,
115,2021-01-05 19:00:00,USM,4.532055555555555,-74.11713888888889,9.7,40.4,8709,27481,36.19,0.64968,7839,,,,,,,
116,2021-01-05 20:00:00,USM,4.532055555555555,-74.11713888888889,17.4,36.0,8886,29562,38448,0.5728,3918,,,,,,,
117,2021-01-05 21:00:00,USM,4.532055555555555,-74.11713888888889,14.6,30.7,3.19,17147,20337,0.45529,8523,,,,,,,
118,2021-01-05 22:00:00,USM,4.532055555555555,-74.11713888888889,15.3,29.2,2522,25204,27726,0.54625,5093,,,,,,,
119,2021-01-05 23:00:00,USM,4.532055555555555,-74.11713888888889,13.9,27.1,11116,27561,38676,0.71869,318,,,,,,,
120,2021-01-06 00:00:00,USM,4.532055555555555,-74.11713888888889,10.8,20.5,28993,23379,52411,0.40457,0.32,,,,,,,
121,2021-01-06 01:00:00,USM,4.532055555555555,-74.11713888888889,8.0,28.3,13017,19533,32.55,0.41616,1285,,,,,,,
122,2021-01-06 02:00:00,USM,4.532055555555555,-74.11713888888889,14.9,36.3,11.63,17863,29493,0.35497,425,,,,,,,
123,2021-01-06 03:00:00,USM,4.532055555555555,-74.11713888888889,11.6,30.3,24222,16574,40796,0.32784,72,,,,,,,
124,2021-01-06 04:00:00,USM,4.532055555555555,-74.11713888888889,14.6,33.3,33152,23124,56276,0.30542,872,,,,,,,
125,2021-01-06 05:00:00,USM,4.532055555555555,-74.11713888888889,20.4,39.1,63689,24216,87905,0.6277,368,,,,,,,
126,2021-01-06 06:00:00,USM,4.532055555555555,-74.11713888888889,15.1,45.1,53996,26036,80032,0.68068,1154,,,,,,,
127,2021-01-06 07:00:00,USM,4.532055555555555,-74.11713888888889,21.6,36.8,23493,17.48,40973,0.44039,7912,,,,,,,
128,2021-01-06 08:00:00,USM,4.532055555555555,-74.11713888888889,21.0,35.1,12725,16408,29133,0.41323,17.98,,,,,,,
129,2021-01-06 09:00:00,USM,4.532055555555555,-74.11713888888889,15.4,32.5,3.07,4954,8024,0.25846,23863,,,,,,,
130,2021-01-06 10:00:00,USM,4.532055555555555,-74.11713888888889,12.0,36.3,2.8905,4.603999999999999,7.4944999999999995,0.23698666666666668,25817,,,interpolated,interpolated,interpolated,interpolated,
131,2021-01-06 11:00:00,USM,4.532055555555555,-74.11713888888889,9.6,26.9,2711,4254,6965,0.21551333333333333,25.879666666666665,,,,,,interpolated,interpolated
132,2021-01-06 12:00:00,USM,4.532055555555555,-74.11713888888889,6.8,24.7,6234,5.58,11814,0.19404,25.942333333333334,,,,,,,interpolated
133,2021-01-06 13:00:00,USM,4.532055555555555,-74.11713888888889,4.8,26.1,3938,5472,9411,0.1708,26005,,,,,,,
134,2021-01-06 14:00:00,USM,4.532055555555555,-74.11713888888889,3.4,18.8,4548,4782,9.33,0.16152,25733,,,,,,,
135,2021-01-06 15:00:00,USM,4.532055555555555,-74.11713888888889,2.6,21.9,3689,5376,9065,0.16825,23.23,,,,,,,
136,2021-01-06 16:00:00,USM,4.532055555555555,-74.11713888888889,1.9,28.8,1.31,3353,4663,0.10943,22345,,,,,,,
137,2021-01-06 17:00:00,USM,4.532055555555555,-74.11713888888889,1.5,25.8,9074,23962,33036,0.58485,15783,,,,,,,
138,2021-01-06 18:00:00,USM,4.532055555555555,-74.11713888888889,1.2,30.6,15205,27021,42225,0.62722,7504,,,,,,,
139,2021-01-06 19:00:00,USM,4.532055555555555,-74.11713888888889,11.0,28.3,7324,20563,27888,0.5712,8849,,,,,,,
140,2021-01-06 20:00:00,USM,4.532055555555555,-74.11713888888889,9.1,34.7,13194,18.02,31214,0.55169,6697,,,,,,,
141,2021-01-06 21:00:00,USM,4.532055555555555,-74.11713888888889,7.4,40.0,8626,15704,24.33,0.38323,7974,,,,,,,
142,2021-01-06 22:00:00,USM,4.532055555555555,-74.11713888888889,6.7,28.7,2019,10805,12824,0.21864,10634,,,,,,,
143,2021-01-06 23:00:00,USM,4.532055555555555,-74.11713888888889,5.9,20.7,3697,19689,23386,0.29813,5676,,,,,,,
144,2021-01-07 00:00:00,USM,4.532055555555555,-74.11713888888889,7.8,25.2,2122,13777,15928,0.24505,7375,,,,,,,
145,2021-01-07 01:00:00,USM,4.532055555555555,-74.11713888888889,5.7,26.9,854,4471,5325,0.11386,16564,,,,,,,
146,2021-01-07 02:00:00,USM,4.532055555555555,-74.11713888888889,5.5,19.5,0.61,2938,3548,0.09809,16972,,,,,,,
147,2021-01-07 03:00:00,USM,4.532055555555555,-74.11713888888889,5.1,17.2,854,4724,5578,0.10019,15185,,,,,,,
148,2021-01-07 04:00:00,USM,4.532055555555555,-74.11713888888889,6.5,12.5,3194,11375,14569,0.18265,9583,,,,,,,
149,2021-01-07 05:00:00,USM,4.532055555555555,-74.11713888888889,6.0,19.1,2071,11563,13634,0.1682,9658,,,,,,,
150,2021-01-07 06:00:00,USM,4.532055555555555,-74.11713888888889,7.0,19.5,6727,14589,21316,0.20854,6.56,,,,,,,
151,2021-01-07 07:00:00,USM,4.532055555555555,-74.11713888888889,6.3,16.8,8756,10679,19434,0.29284,11.69,,,,,,,
152,2021-01-07 08:00:00,USM,4.532055555555555,-74.11713888888889,5.4,26.1,8498,7571,16069,0.26289,18627,,,,,,,
153,2021-01-07 09:00:00,USM,4.532055555555555,-74.11713888888889,5.7,24.6,6677,7283,13.96,0.22702,24471,,,,,,,
154,2021-01-07 10:00:00,USM,4.532055555555555,-74.11713888888889,6.5,23.3,6541,7062,13603,0.24128,28036,,,,,,,
155,2021-01-07 11:00:00,USM,4.532055555555555,-74.11713888888889,6.5,23.8,6496,5672,12167,0.2465,28961,,,,,,,
156,2021-01-07 12:00:00,USM,4.532055555555555,-74.11713888888889,9.6,29.4,4429,4187,8617,0.19705,29899,,,,,,,
157,2021-01-07 13:00:00,USM,4.532055555555555,-74.11713888888889,8.0,45.8,5677,5107,10784,0.25757,29628,,,,,,,
158,2021-01-07 14:00:00,USM,4.532055555555555,-74.11713888888889,6.2,33.1,6022,4878,10.9,0.2381,29806,,,,,,,
159,2021-01-07 15:00:00,USM,4.532055555555555,-74.11713888888889,4.5,38.7,7454,6394,13847,0.28764,27883,,,,,,,
160,2021-01-07 16:00:00,USM,4.532055555555555,-74.11713888888889,3.3,33.8,8003,7.9,15904,0.30261,25946,,,,,,,
161,2021-01-07 17:00:00,USM,4.532055555555555,-74.11713888888889,2.5,40.7,11646,14555,26201,0.49927,19964,,,,,,,
162,2021-01-07 18:00:00,USM,4.532055555555555,-74.11713888888889,1.9,36.2,14.13,19403,33533,0.57325,16514,,,,,,,
163,2021-01-07 19:00:00,USM,4.532055555555555,-74.11713888888889,1.5,27.3,15.57,19.79,35.36,0.62097,13646,,,,,,,
164,2021-01-07 20:00:00,USM,4.532055555555555,-74.11713888888889,1.2,30.7,13204,22029,35233,0.56467,9609,,,,,,,
165,2021-01-07 21:00:00,USM,4.532055555555555,-74.11713888888889,2.6,31.3,30.52,29739,60259,0.63496,3378,,,,,,,
166,2021-01-07 22:00:00,USM,4.532055555555555,-74.11713888888889,7.9,28.6,32543,26907,59.45,0.59893,972,,,,,,,
167,2021-01-07 23:00:00,USM,4.532055555555555,-74.11713888888889,7.2,39.6,23649,25171,48.82,0.40498,1332,,,,,,,
168,2021-01-08 00:00:00,USM,4.532055555555555,-74.11713888888889,6.2,35.1,29557,23115,52709,0.33466,977,,,,,,,
169,2021-01-08 01:00:00,USM,4.532055555555555,-74.11713888888889,5.3,28.7,6304,15481,21784,0.18817,3041,,,,,,,
170,2021-01-08 02:00:00,USM,4.532055555555555,-74.11713888888889,4.9,37.7,10015,17185,27.2,0.25163,2381,,,,,,,
171,2021-01-08 03:00:00,USM,4.532055555555555,-74.11713888888889,4.7,28.7,14677,17349,32026,0.27234,1808,,,,,,,
172,2021-01-08 04:00:00,USM,4.532055555555555,-74.11713888888889,8.9,28.7,63426,19.93,83356,0.40952,1.21,,,,,,,
173,2021-01-08 05:00:00,USM,4.532055555555555,-74.11713888888889,7.3,37.9,49867,18939,68806,0.60541,1.25,,,,,,,
174,2021-01-08 06:00:00,USM,4.532055555555555,-74.11713888888889,18.5,40.3,75625,29392,105018,0.72951,1474,,,,,,,
175,2021-01-08 07:00:00,USM,4.532055555555555,-74.11713888888889,16.7,50.3,62763,27881,90643,0.90471,3201,,,,,,,
176,2021-01-08 08:00:00,USM,4.532055555555555,-74.11713888888889,22.1,51.0,71273,39889,111162,1.26155,4438,,,,,,,
177,2021-01-08 09:00:00,USM,4.532055555555555,-74.11713888888889,19.5,81.1,30619,22658,53277,0.65544,14904,,,,,,,
178,2021-01-08 10:00:00,USM,4.532055555555555,-74.11713888888889,25.2,71.5,7985,8.01,15994,0.24178,24536,,,,,,,
179,2021-01-08 11:00:00,USM,4.532055555555555,-74.11713888888889,19.0,48.2,6677,6894,13572,0.23076,29011,,,,,,,
180,2021-01-08 12:00:00,USM,4.532055555555555,-74.11713888888889,15.3,33.1,6.55,6936,13487,0.24708,30.84,,,,,,,
181,2021-01-08 13:00:00,USM,4.532055555555555,-74.11713888888889,11.1,28.9,1423,4859,6282,0.17025,28.69,,,,,,,
182,2021-01-08 14:00:00,USM,4.532055555555555,-74.11713888888889,8.8,30.3,8147,18335,26483,0.48775,25124,,,,,,,
183,2021-01-08 15:00:00,USM,4.532055555555555,-74.11713888888889,6.4,34.4,18.21,24709,42919,0.50689,12591,,,,,,,
184,2021-01-08 16:00:00,USM,4.532055555555555,-74.11713888888889,8.9,30.5,10711,11336,22048,0.35987,17174,,,,,,,
185,2021-01-08 17:00:00,USM,4.532055555555555,-74.11713888888889,8.1,39.5,10373,13583,23955,0.37915,14741,,,,,,,
186,2021-01-08 18:00:00,USM,4.532055555555555,-74.11713888888889,6.5,28.4,11837,15437,27275,0.46647,11643,,,,,,,
187,2021-01-08 19:00:00,USM,4.532055555555555,-74.11713888888889,5.6,20.5,5991,11142,17133,0.33863,14.94,,,,,,,
188,2021-01-08 20:00:00,USM,4.532055555555555,-74.11713888888889,19.1,19.1,2498,11143,13641,0.27416,12788,,,,,,,
189,2021-01-08 21:00:00,USM,4.532055555555555,-74.11713888888889,15.0,18.0,2452,9475,11927,0.24684,14008,,,,,,,
190,2021-01-08 22:00:00,USM,4.532055555555555,-74.11713888888889,10.6,13.1,2091,8939,11031,0.21468,13963,,,,,,,
191,2021-01-08 23:00:00,USM,4.532055555555555,-74.11713888888889,7.7,15.0,1385,7564,8.95,0.18374,15417,,,,,,,
192,2021-01-09 00:00:00,USM,4.532055555555555,-74.11713888888889,6.6,11.9,473,3355,3834,0.10551,17429,,,,,,,
193,2021-01-09 01:00:00,USM,4.532055555555555,-74.11713888888889,5.6,11.2,539,2574,3113,0.10471,17699,,,,,,,
194,2021-01-09 02:00:00,USM,4.532055555555555,-74.11713888888889,4.7,8.7,608,2877,3485,0.09627,17.35,,,,,,,
195,2021-01-09 03:00:00,USM,4.532055555555555,-74.11713888888889,3.6,7.1,0.73,4478,5208,0.11223,15058,,,,,,,
196,2021-01-09 04:00:00,USM,4.532055555555555,-74.11713888888889,2.8,6.0,2211,10872,13083,0.14851,9189,,,,,,,
197,2021-01-09 05:00:00,USM,4.532055555555555,-74.11713888888889,2.3,16.4,2565,11726,14292,0.19562,5543,,,,,,,
198,2021-01-09 06:00:00,USM,4.532055555555555,-74.11713888888889,1.8,17.1,19.94,16094,36034,0.45595,3042,,,,,,,
199,2021-01-09 07:00:00,USM,4.532055555555555,-74.11713888888889,1.5,14.9,9605,12114,21719,0.3148,10014,,,,,,,
200,2021-01-09 08:00:00,USM,4.532055555555555,-74.11713888888889,1.3,15.3,7.26,9.97,17.23,0.24614,13118,,,,,,,
201,2021-01-09 09:00:00,USM,4.532055555555555,-74.11713888888889,1.4,22.0,5499,4.9,10399,0.17189,18478,,,,,,,
